id;loanee_name;dob;address;contact;disbursement_date;loan_amount;loan_tenure;interest_rate;zkp_code;date_created;created_by_id;date_updated;updated_by_id
1;hacking Forint bandwidth;20907;Tanzania Fiji Dollar Profound;parsing;2023-09-15T13:04:11;51663;52965;26082;Executive;2023-09-15T03:13:28;89721;2023-09-15T12:59:44;90041
2;deposit B2B cross-media;72595;Internal AI optical;bypassing Marketing;2023-09-15T07:32:47;89855;66898;60642;Tools Unbranded;2023-09-15T10:28:14;97366;2023-09-16T02:16:22;28392
3;knowledge user;48561;Ports Manager Fish;Networked;2023-09-15T18:35:05;17882;74649;36646;program alarm;2023-09-15T19:00:04;56830;2023-09-15T13:22:25;9367
4;turn-key dedicated;24398;Strategist target;Investor users dot-com;2023-09-15T10:54:43;57690;66892;49251;white sensor local;2023-09-16T01:48:39;76855;2023-09-15T10:54:12;4360
5;Representative;46994;uniform PCI back up;Tactics architectures Planner;2023-09-15T03:16:04;98033;85300;7534;functionalities;2023-09-15T21:48:45;85113;2023-09-15T19:57:04;31692
6;Pants Maryland;93615;UIC-Franc Arkansas Intelligent;Zambian Kwacha intuitive;2023-09-15T20:17:40;51832;29529;87737;program;2023-09-15T09:39:58;13662;2023-09-15T09:32:06;70891
7;France protocol;41978;Synergistic Personal Loan Account Sleek;Borders;2023-09-15T07:14:08;19427;64996;7094;extend Unbranded Fresh Pants Tools;2023-09-15T12:30:06;9398;2023-09-15T15:52:16;57828
8;Garden Dale Wallis and Futuna;28654;Utah Computers Small Fresh Gloves;Brunei Darussalam interface;2023-09-15T06:31:33;76999;27154;21582;Investment Account Refined Intelligent Granite Shirt;2023-09-15T13:25:09;69951;2023-09-15T11:05:46;13835
9;Frozen Analyst card;4106;morph content bypass;Electronics;2023-09-15T03:17:28;8087;83598;42831;Som Rustic Frozen Keyboard ROI;2023-09-15T20:38:22;54922;2023-09-16T00:08:29;71459
10;invoice;27993;Operations alarm;e-markets system;2023-09-16T01:14:57;24773;56603;35597;hack;2023-09-16T02:02:56;34187;2023-09-15T23:36:31;9179
